<?xml version="1.0" encoding="utf-8" standalone="yes"?>
<rss version="2.0" xmlns:atom="http://www.w3.org/2005/Atom">
  <channel>
    <title>Projects on T-NANOMED</title>
    <link>https://www.starsmydest.org/projects/</link>
    <description>Recent content in Projects on T-NANOMED</description>
    <generator>Hugo</generator>
    <language>en-us</language>
    <lastBuildDate></lastBuildDate>
    <atom:link href="https://www.starsmydest.org/projects/index.xml" rel="self" type="application/rss+xml" />
  </channel>
</rss>
