<?xml version="1.0" encoding="utf-8" standalone="yes"?>
<rss version="2.0" xmlns:atom="http://www.w3.org/2005/Atom">
  <channel>
    <title>Maven on T-NANOMED</title>
    <link>https://www.starsmydest.org/tags/maven/</link>
    <description>Recent content in Maven on T-NANOMED</description>
    <generator>Hugo</generator>
    <language>en-us</language>
    <atom:link href="https://www.starsmydest.org/tags/maven/index.xml" rel="self" type="application/rss+xml" />
    <item>
      <title>Docker image for Bitbucket CI/CD Pipelines  &#34;shipit&#34;</title>
      <link>https://www.starsmydest.org/projects/creations/docker-marketplace/</link>
      <pubDate>Mon, 01 Jan 0001 00:00:00 +0000</pubDate>
      <guid>https://www.starsmydest.org/projects/creations/docker-marketplace/</guid>
      <description>&lt;p&gt;Provides required dependencies and additional utilities to simplify and codify the process of building, testing and delivering Atlassian plugins all the way to the live marketplace.&lt;ul&gt; &lt;li&gt;Executes integration/AUT level tests against all stated compatible versions for the product&lt;/li&gt;&lt;li&gt;Uploads generated artifact to Atlassian marketplace&lt;/li&gt;&lt;li&gt;Provides corresponding metadata indicating version, release notes, and compatibility&lt;/li&gt;&lt;/ul&gt;&lt;/p&gt;</description>
    </item>
  </channel>
</rss>
