<?xml version="1.0" encoding="utf-8" standalone="yes"?>
<rss version="2.0" xmlns:atom="http://www.w3.org/2005/Atom">
  <channel>
    <title>Publications on T-NANOMED</title>
    <link>https://www.starsmydest.org/publications/</link>
    <description>Recent content in Publications on T-NANOMED</description>
    <generator>Hugo</generator>
    <language>en-us</language>
    <lastBuildDate>Tue, 01 Nov 2022 00:00:00 +0000</lastBuildDate>
    <atom:link href="https://www.starsmydest.org/publications/index.xml" rel="self" type="application/rss+xml" />
    <item>
      <title>Lipid Nanoparticles From Little League to the Majors</title>
      <link>https://www.starsmydest.org/publications/meeting2/</link>
      <pubDate>Tue, 01 Nov 2022 00:00:00 +0000</pubDate>
      <guid>https://www.starsmydest.org/publications/meeting2/</guid>
      <description></description>
    </item>
    <item>
      <title>Lipid Nanoparticles for Gene Delivery using Microfluidic Systems</title>
      <link>https://www.starsmydest.org/publications/webinar/</link>
      <pubDate>Wed, 01 Jun 2022 00:00:00 +0000</pubDate>
      <guid>https://www.starsmydest.org/publications/webinar/</guid>
      <description>&lt;div style=&#34;position: relative; padding-bottom: 56.25%; height: 0; overflow: hidden;&#34;&gt;&#xA;      &lt;iframe allow=&#34;accelerometer; autoplay; clipboard-write; encrypted-media; gyroscope; picture-in-picture; web-share; fullscreen&#34; loading=&#34;eager&#34; referrerpolicy=&#34;strict-origin-when-cross-origin&#34; src=&#34;https://www.youtube.com/embed/A-0ZnBarMLg?autoplay=0&amp;amp;controls=1&amp;amp;end=0&amp;amp;loop=0&amp;amp;mute=0&amp;amp;start=0&#34; style=&#34;position: absolute; top: 0; left: 0; width: 100%; height: 100%; border:0;&#34; title=&#34;YouTube video&#34;&gt;&lt;/iframe&gt;&#xA;    &lt;/div&gt;</description>
    </item>
    <item>
      <title>Microfluidics to power better LNP-mRNA preparation</title>
      <link>https://www.starsmydest.org/publications/meeting3/</link>
      <pubDate>Sun, 01 May 2022 00:00:00 +0000</pubDate>
      <guid>https://www.starsmydest.org/publications/meeting3/</guid>
      <description></description>
    </item>
    <item>
      <title>LNP formulation 生产工艺高峰会议, 美国 Boston</title>
      <link>https://www.starsmydest.org/publications/meeting1/</link>
      <pubDate>Tue, 12 Apr 2022 00:00:00 +0000</pubDate>
      <guid>https://www.starsmydest.org/publications/meeting1/</guid>
      <description></description>
    </item>
    <item>
      <title>Acelya Yilmazer, Bowen Tian, Kostas Kostarelos.”Development of dual-activity vectors by co-envelopment of adenovirus and SiRNA in artificial lipid bilayers”. PLoS One. 2014 Dec;12(9).</title>
      <link>https://www.starsmydest.org/publications/12/</link>
      <pubDate>Mon, 01 Dec 2014 00:00:00 +0000</pubDate>
      <guid>https://www.starsmydest.org/publications/12/</guid>
      <description></description>
    </item>
    <item>
      <title>Bowen Tian, Wafa Al-Jamal, Kostas Kostarelos.”The engineering of doxorubicin-loaded liposome-quantum dot hybrids for cancer theranostics”. Chinese Physics B. 2014 Vol.23 Issue(8):087805 </title>
      <link>https://www.starsmydest.org/publications/11/</link>
      <pubDate>Fri, 01 Aug 2014 00:00:00 +0000</pubDate>
      <guid>https://www.starsmydest.org/publications/11/</guid>
      <description></description>
    </item>
    <item>
      <title>Hanene Ali-Boucetta, Antonio Nunes, Raquel Sainz, M. Antonia Herrero, Bowen Tian, Maurizio Prato, Kostas Kostarelos and Alberto Bianco.”Asbestos-like pathogenicity of long carbon nanotubes can be alleviated by chemical functionalization”. Angew.Chem.Int.Ed. 2013 Feb;52(8):2274-8.</title>
      <link>https://www.starsmydest.org/publications/10/</link>
      <pubDate>Fri, 01 Feb 2013 00:00:00 +0000</pubDate>
      <guid>https://www.starsmydest.org/publications/10/</guid>
      <description></description>
    </item>
    <item>
      <title>Bowen Tian, Wafa&#39; T Al-Jamal, Khuloud T. Al-Jamal, Kostas Kostarelos.”Doxorubicin-Loaded Lipid-Quantum Dot Hybrids: Surface Topography and Release Properties”. International Journal of Pharmaceutics. 2011 Sep;416(2):443-7.</title>
      <link>https://www.starsmydest.org/publications/8/</link>
      <pubDate>Thu, 01 Sep 2011 00:00:00 +0000</pubDate>
      <guid>https://www.starsmydest.org/publications/8/</guid>
      <description></description>
    </item>
    <item>
      <title>Jeroen Van den Bossche, Wafa&#39; T Al-Jamal, Acelya Yilmazer, Elisabetta Bizzarri, Bowen Tian, Kostas Kostarelos.”Intracellular trafficking and gene expression of pH-sensitive, artificially enveloped adenoviruses in vitro and in vivo”. Biomaterials. 2011 Apr;32(11):3085-93.</title>
      <link>https://www.starsmydest.org/publications/9/</link>
      <pubDate>Fri, 01 Apr 2011 00:00:00 +0000</pubDate>
      <guid>https://www.starsmydest.org/publications/9/</guid>
      <description></description>
    </item>
    <item>
      <title>W.T.Al-Jamal,J. Van den Bossche, A. Yilmazer, Bowen Tian,K Kostarelos. Engineering Acid-Responsive Lipid Envelopes around Adenovirus for Efficient Gene Delivery. Biomaterials. 2011 Apr;32(11):3085-93.</title>
      <link>https://www.starsmydest.org/publications/7/</link>
      <pubDate>Fri, 01 Apr 2011 00:00:00 +0000</pubDate>
      <guid>https://www.starsmydest.org/publications/7/</guid>
      <description></description>
    </item>
    <item>
      <title>Al-Jamal WT, Toma FM, Yilmazer A, Ali-Boucetta H, Nunes A, Herrero MA, Tian Bowen, Eddaoui A, Al-Jamal WT, Bianco A, Prato M, Kostarelos K.”Enhanced cellular internalization and gene silencing with a series of cationic dendron-multiwalled carbon nanotube:siRNA complexes”. FASEB J. 2010 Nov;24(11):4353-65.</title>
      <link>https://www.starsmydest.org/publications/5/</link>
      <pubDate>Mon, 01 Nov 2010 00:00:00 +0000</pubDate>
      <guid>https://www.starsmydest.org/publications/5/</guid>
      <description></description>
    </item>
    <item>
      <title>Van den Bossche, Al-Jamal WT, Tian Bowen,Nunes A, Fabbro C, Bianco A, Prato M, Kostarelos K.”Efficient receptor-independent intracellular translocation of aptamers mediated by conjugation to carbon nanotubes”. Chem Commun (Camb). 2010 Oct;46(39):7379-81.</title>
      <link>https://www.starsmydest.org/publications/6/</link>
      <pubDate>Fri, 01 Oct 2010 00:00:00 +0000</pubDate>
      <guid>https://www.starsmydest.org/publications/6/</guid>
      <description></description>
    </item>
    <item>
      <title>Podesta JE, Al-Jamal KT, Herrero MA,Tian Bowen, Ali-Boucetta H, Hegde V, Bianco A, Prato M, Kostarelos K.”Antitumor activity and prolonged survival by carbon-nanotube-mediated therapeutic siRNA silencing in a human lung xenograft model”. Small. 2009 May;5(10):1175-85.</title>
      <link>https://www.starsmydest.org/publications/3/</link>
      <pubDate>Fri, 01 May 2009 00:00:00 +0000</pubDate>
      <guid>https://www.starsmydest.org/publications/3/</guid>
      <description></description>
    </item>
    <item>
      <title>Al-Jamal WT, Al-Jamal KT, Tian Bowen, Cakebread A,Halket JM, Kostarelos K.”Tumor targeting of functionalized quantum dot-liposome hybrids by intravenous administration”. Mol Pharm. 2009 Mar-Apr;6(2):520-30.</title>
      <link>https://www.starsmydest.org/publications/4/</link>
      <pubDate>Sun, 01 Mar 2009 00:00:00 +0000</pubDate>
      <guid>https://www.starsmydest.org/publications/4/</guid>
      <description></description>
    </item>
    <item>
      <title>Singh R, Tian Bowen, Kostarelos K. “Artificial envelopment of nonenveloped viruses: enhancing adenovirus tumor targeting in vivo”. FASEB J. 2008 Sep;22(9):3389-402. </title>
      <link>https://www.starsmydest.org/publications/2/</link>
      <pubDate>Mon, 01 Sep 2008 00:00:00 +0000</pubDate>
      <guid>https://www.starsmydest.org/publications/2/</guid>
      <description></description>
    </item>
    <item>
      <title>Al-Jamal WT, Al-Jamal KT, Tian Bowen, Lacerda L, Bomans PH, Frederik PM, Kostarelos K.”Lipid-quantum dot bilayer vesicles enhance tumor cell uptake and retention in vitro and in vivo”. ACS Nano. 2008 Mar;2(3):408-18.</title>
      <link>https://www.starsmydest.org/publications/1/</link>
      <pubDate>Sat, 01 Mar 2008 00:00:00 +0000</pubDate>
      <guid>https://www.starsmydest.org/publications/1/</guid>
      <description></description>
    </item>
  </channel>
</rss>
