[{"categories":null,"contents":"Addressed pretty significant page load performance issue founde in larger deployments. Eliminates uses of intensive backend query, replacing it with an asynchronous API call against a lucene index. This change reduces page load from from 2+ minutes to nearly instant, with an incredibly responsive UI.\n","permalink":"https://www.starsmydest.org/projects/contributions/deploy-triggers/","tags":["Java","jQuery","REST APIs","Bamboo","JSON"],"title":"Atlassian Deployment Triggers"},{"categories":null,"contents":"","permalink":"https://www.starsmydest.org/publications/meeting2/","tags":null,"title":"Lipid Nanoparticles From Little League to the Majors"},{"categories":null,"contents":" ","permalink":"https://www.starsmydest.org/publications/webinar/","tags":null,"title":"Lipid Nanoparticles for Gene Delivery using Microfluidic Systems"},{"categories":null,"contents":"","permalink":"https://www.starsmydest.org/publications/meeting3/","tags":null,"title":"Microfluidics to power better LNP-mRNA preparation"},{"categories":null,"contents":"","permalink":"https://www.starsmydest.org/publications/meeting1/","tags":null,"title":"LNP formulation 生产工艺高峰会议, 美国 Boston"},{"categories":null,"contents":"","permalink":"https://www.starsmydest.org/publications/12/","tags":null,"title":"Acelya Yilmazer, Bowen Tian, Kostas Kostarelos.”Development of dual-activity vectors by co-envelopment of adenovirus and SiRNA in artificial lipid bilayers”. PLoS One. 2014 Dec;12(9)."},{"categories":null,"contents":"","permalink":"https://www.starsmydest.org/publications/11/","tags":null,"title":"Bowen Tian, Wafa Al-Jamal, Kostas Kostarelos.”The engineering of doxorubicin-loaded liposome-quantum dot hybrids for cancer theranostics”. Chinese Physics B. 2014 Vol.23 Issue(8):087805 "},{"categories":null,"contents":"","permalink":"https://www.starsmydest.org/publications/10/","tags":null,"title":"Hanene Ali-Boucetta, Antonio Nunes, Raquel Sainz, M. Antonia Herrero, Bowen Tian, Maurizio Prato, Kostas Kostarelos and Alberto Bianco.”Asbestos-like pathogenicity of long carbon nanotubes can be alleviated by chemical functionalization”. Angew.Chem.Int.Ed. 2013 Feb;52(8):2274-8."},{"categories":null,"contents":"","permalink":"https://www.starsmydest.org/publications/8/","tags":null,"title":"Bowen Tian, Wafa' T Al-Jamal, Khuloud T. Al-Jamal, Kostas Kostarelos.”Doxorubicin-Loaded Lipid-Quantum Dot Hybrids: Surface Topography and Release Properties”. International Journal of Pharmaceutics. 2011 Sep;416(2):443-7."},{"categories":null,"contents":"","permalink":"https://www.starsmydest.org/publications/9/","tags":null,"title":"Jeroen Van den Bossche, Wafa' T Al-Jamal, Acelya Yilmazer, Elisabetta Bizzarri, Bowen Tian, Kostas Kostarelos.”Intracellular trafficking and gene expression of pH-sensitive, artificially enveloped adenoviruses in vitro and in vivo”. Biomaterials. 2011 Apr;32(11):3085-93."},{"categories":null,"contents":"","permalink":"https://www.starsmydest.org/publications/7/","tags":null,"title":"W.T.Al-Jamal,J. Van den Bossche, A. Yilmazer, Bowen Tian,K Kostarelos. Engineering Acid-Responsive Lipid Envelopes around Adenovirus for Efficient Gene Delivery. Biomaterials. 2011 Apr;32(11):3085-93."},{"categories":null,"contents":"","permalink":"https://www.starsmydest.org/publications/5/","tags":null,"title":"Al-Jamal WT, Toma FM, Yilmazer A, Ali-Boucetta H, Nunes A, Herrero MA, Tian Bowen, Eddaoui A, Al-Jamal WT, Bianco A, Prato M, Kostarelos K.”Enhanced cellular internalization and gene silencing with a series of cationic dendron-multiwalled carbon nanotube:siRNA complexes”. FASEB J. 2010 Nov;24(11):4353-65."},{"categories":null,"contents":"","permalink":"https://www.starsmydest.org/publications/6/","tags":null,"title":"Van den Bossche, Al-Jamal WT, Tian Bowen,Nunes A, Fabbro C, Bianco A, Prato M, Kostarelos K.”Efficient receptor-independent intracellular translocation of aptamers mediated by conjugation to carbon nanotubes”. Chem Commun (Camb). 2010 Oct;46(39):7379-81."},{"categories":null,"contents":"","permalink":"https://www.starsmydest.org/publications/3/","tags":null,"title":"Podesta JE, Al-Jamal KT, Herrero MA,Tian Bowen, Ali-Boucetta H, Hegde V, Bianco A, Prato M, Kostarelos K.”Antitumor activity and prolonged survival by carbon-nanotube-mediated therapeutic siRNA silencing in a human lung xenograft model”. Small. 2009 May;5(10):1175-85."},{"categories":null,"contents":"","permalink":"https://www.starsmydest.org/publications/4/","tags":null,"title":"Al-Jamal WT, Al-Jamal KT, Tian Bowen, Cakebread A,Halket JM, Kostarelos K.”Tumor targeting of functionalized quantum dot-liposome hybrids by intravenous administration”. Mol Pharm. 2009 Mar-Apr;6(2):520-30."},{"categories":null,"contents":"","permalink":"https://www.starsmydest.org/publications/2/","tags":null,"title":"Singh R, Tian Bowen, Kostarelos K. “Artificial envelopment of nonenveloped viruses: enhancing adenovirus tumor targeting in vivo”. FASEB J. 2008 Sep;22(9):3389-402. "},{"categories":null,"contents":"","permalink":"https://www.starsmydest.org/publications/1/","tags":null,"title":"Al-Jamal WT, Al-Jamal KT, Tian Bowen, Lacerda L, Bomans PH, Frederik PM, Kostarelos K.”Lipid-quantum dot bilayer vesicles enhance tumor cell uptake and retention in vitro and in vivo”. ACS Nano. 2008 Mar;2(3):408-18."},{"categories":null,"contents":"Shields.io is a massive library of badges that can be inserted into project README\u0026rsquo;s or websites displaying various statuses (code coverage, health, version, etc). Support for docker was missing the current build health, and was a pretty trivial addition.\n","permalink":"https://www.starsmydest.org/projects/contributions/shields-docker/","tags":["Docker","Rest APIs","JavaScript","node.js","JSON"],"title":"Added Docker Build Status Badge to shields.io"},{"categories":null,"contents":"While adding Structured Data to a client\u0026rsquo;s website I found some example JSON that was invalid. Simple contribution to cleanup the user documentation providing syntactically valid JSON documents.\n","permalink":"https://www.starsmydest.org/projects/contributions/schema-org/","tags":["JSON"],"title":"Schema.org Structured Data documentation fixes"},{"categories":null,"contents":"BOSH (Bosh Outer SHell) \u0026ldquo;\u0026hellip; is an open source tool for release engineering, deployment, lifecycle management, and monitoring of distributed systems.\u0026rdquo; And it\u0026rsquo;s amazingly powerful. This examples uses BOSH to provision an Alassian vendor app running on JDK along with the support Postgres database and agents to support it. The releases manages the health of services and will automatically provision, start/stop processes across the various services.\n","permalink":"https://www.starsmydest.org/projects/creations/bosh-agents/","tags":["DevOps","BOSH","Java","Atlassian Ecosystem","monit","python","xml/xslt","bash/shell","REST APIs"],"title":"BOSH release for Bamboo \u0026 Remote Agents"},{"categories":null,"contents":"Multiple plugins used by thousands of teams that provide enhanced functionality of Atlassian’s core products (primarily JIRA and Bamboo) to enrich CI/CD capabilities, DevOps automation, or productivity. Functionality spans user interface, web services and persistence.\n","permalink":"https://www.starsmydest.org/projects/creations/marketplace/","tags":["Java","Spring","REST APIs","Javascript","Atlassian Developer Ecosystem","Bamboo","JIRA","Bitbucket","Confluence","DevOps"],"title":"Atlassian Marketplace Plugins"},{"categories":null,"contents":"Provides required dependencies and additional utilities to simplify and codify the process of building, testing and delivering Atlassian plugins all the way to the live marketplace. Executes integration/AUT level tests against all stated compatible versions for the productUploads generated artifact to Atlassian marketplaceProvides corresponding metadata indicating version, release notes, and compatibility\n","permalink":"https://www.starsmydest.org/projects/creations/docker-marketplace/","tags":["Docker","Maven","Java","Python","REST APIs","Bash/Shell"],"title":"Docker image for Bitbucket CI/CD Pipelines  \"shipit\""},{"categories":null,"contents":"This file exists solely to respond to /search URL with the related search layout template.\nNo content shown here is rendered, all content is based in the template layouts/page/search.html\nSetting a very low sitemap priority will tell search engines this is not important content.\nThis implementation uses Fusejs, jquery and mark.js\nInitial setup Search depends on additional output content type of JSON in config.toml\n[outputs] home = [\u0026#34;HTML\u0026#34;, \u0026#34;JSON\u0026#34;] Searching additional fileds To search additional fields defined in front matter, you must add it in 2 places.\nEdit layouts/_default/index.JSON This exposes the values in /index.json i.e. add category\n... \u0026#34;contents\u0026#34;:{{ .Content | plainify | jsonify }} {{ if .Params.tags }}, \u0026#34;tags\u0026#34;:{{ .Params.tags | jsonify }}{{end}}, \u0026#34;categories\u0026#34; : {{ .Params.categories | jsonify }}, ... Edit fuse.js options to Search static/js/search.js\nkeys: [ \u0026#34;title\u0026#34;, \u0026#34;contents\u0026#34;, \u0026#34;tags\u0026#34;, \u0026#34;categories\u0026#34; ] ","permalink":"https://www.starsmydest.org/search/","tags":null,"title":"Search Results"}]