<?xml version="1.0" encoding="utf-8" standalone="yes"?>
<rss version="2.0" xmlns:atom="http://www.w3.org/2005/Atom">
  <channel>
    <title>Home on T-NANOMED</title>
    <link>https://www.starsmydest.org/</link>
    <description>Recent content in Home on T-NANOMED</description>
    <generator>Hugo</generator>
    <language>en-us</language>
    <lastBuildDate>Tue, 01 Nov 2022 00:00:00 +0000</lastBuildDate>
    <atom:link href="https://www.starsmydest.org/index.xml" rel="self" type="application/rss+xml" />
    <item>
      <title>Atlassian Deployment Triggers</title>
      <link>https://www.starsmydest.org/projects/contributions/deploy-triggers/</link>
      <pubDate>Mon, 01 Jan 0001 00:00:00 +0000</pubDate>
      <guid>https://www.starsmydest.org/projects/contributions/deploy-triggers/</guid>
      <description>&lt;p&gt;Addressed pretty significant page load performance issue founde in larger deployments. Eliminates uses of intensive backend query, replacing it with an asynchronous API call against a lucene index. This change reduces page load from from 2+ minutes to nearly instant, with an incredibly responsive UI.&lt;/p&gt;</description>
    </item>
    <item>
      <title>Lipid Nanoparticles From Little League to the Majors</title>
      <link>https://www.starsmydest.org/publications/meeting2/</link>
      <pubDate>Tue, 01 Nov 2022 00:00:00 +0000</pubDate>
      <guid>https://www.starsmydest.org/publications/meeting2/</guid>
      <description></description>
    </item>
    <item>
      <title>Lipid Nanoparticles for Gene Delivery using Microfluidic Systems</title>
      <link>https://www.starsmydest.org/publications/webinar/</link>
      <pubDate>Wed, 01 Jun 2022 00:00:00 +0000</pubDate>
      <guid>https://www.starsmydest.org/publications/webinar/</guid>
      <description>&lt;div style=&#34;position: relative; padding-bottom: 56.25%; height: 0; overflow: hidden;&#34;&gt;&#xA;      &lt;iframe allow=&#34;accelerometer; autoplay; clipboard-write; encrypted-media; gyroscope; picture-in-picture; web-share; fullscreen&#34; loading=&#34;eager&#34; referrerpolicy=&#34;strict-origin-when-cross-origin&#34; src=&#34;https://www.youtube.com/embed/A-0ZnBarMLg?autoplay=0&amp;amp;controls=1&amp;amp;end=0&amp;amp;loop=0&amp;amp;mute=0&amp;amp;start=0&#34; style=&#34;position: absolute; top: 0; left: 0; width: 100%; height: 100%; border:0;&#34; title=&#34;YouTube video&#34;&gt;&lt;/iframe&gt;&#xA;    &lt;/div&gt;</description>
    </item>
    <item>
      <title>Microfluidics to power better LNP-mRNA preparation</title>
      <link>https://www.starsmydest.org/publications/meeting3/</link>
      <pubDate>Sun, 01 May 2022 00:00:00 +0000</pubDate>
      <guid>https://www.starsmydest.org/publications/meeting3/</guid>
      <description></description>
    </item>
    <item>
      <title>LNP formulation 生产工艺高峰会议, 美国 Boston</title>
      <link>https://www.starsmydest.org/publications/meeting1/</link>
      <pubDate>Tue, 12 Apr 2022 00:00:00 +0000</pubDate>
      <guid>https://www.starsmydest.org/publications/meeting1/</guid>
      <description></description>
    </item>
    <item>
      <title>Acelya Yilmazer, Bowen Tian, Kostas Kostarelos.”Development of dual-activity vectors by co-envelopment of adenovirus and SiRNA in artificial lipid bilayers”. PLoS One. 2014 Dec;12(9).</title>
      <link>https://www.starsmydest.org/publications/12/</link>
      <pubDate>Mon, 01 Dec 2014 00:00:00 +0000</pubDate>
      <guid>https://www.starsmydest.org/publications/12/</guid>
      <description></description>
    </item>
    <item>
      <title>Bowen Tian, Wafa Al-Jamal, Kostas Kostarelos.”The engineering of doxorubicin-loaded liposome-quantum dot hybrids for cancer theranostics”. Chinese Physics B. 2014 Vol.23 Issue(8):087805 </title>
      <link>https://www.starsmydest.org/publications/11/</link>
      <pubDate>Fri, 01 Aug 2014 00:00:00 +0000</pubDate>
      <guid>https://www.starsmydest.org/publications/11/</guid>
      <description></description>
    </item>
    <item>
      <title>Hanene Ali-Boucetta, Antonio Nunes, Raquel Sainz, M. Antonia Herrero, Bowen Tian, Maurizio Prato, Kostas Kostarelos and Alberto Bianco.”Asbestos-like pathogenicity of long carbon nanotubes can be alleviated by chemical functionalization”. Angew.Chem.Int.Ed. 2013 Feb;52(8):2274-8.</title>
      <link>https://www.starsmydest.org/publications/10/</link>
      <pubDate>Fri, 01 Feb 2013 00:00:00 +0000</pubDate>
      <guid>https://www.starsmydest.org/publications/10/</guid>
      <description></description>
    </item>
    <item>
      <title>Bowen Tian, Wafa&#39; T Al-Jamal, Khuloud T. Al-Jamal, Kostas Kostarelos.”Doxorubicin-Loaded Lipid-Quantum Dot Hybrids: Surface Topography and Release Properties”. International Journal of Pharmaceutics. 2011 Sep;416(2):443-7.</title>
      <link>https://www.starsmydest.org/publications/8/</link>
      <pubDate>Thu, 01 Sep 2011 00:00:00 +0000</pubDate>
      <guid>https://www.starsmydest.org/publications/8/</guid>
      <description></description>
    </item>
    <item>
      <title>Jeroen Van den Bossche, Wafa&#39; T Al-Jamal, Acelya Yilmazer, Elisabetta Bizzarri, Bowen Tian, Kostas Kostarelos.”Intracellular trafficking and gene expression of pH-sensitive, artificially enveloped adenoviruses in vitro and in vivo”. Biomaterials. 2011 Apr;32(11):3085-93.</title>
      <link>https://www.starsmydest.org/publications/9/</link>
      <pubDate>Fri, 01 Apr 2011 00:00:00 +0000</pubDate>
      <guid>https://www.starsmydest.org/publications/9/</guid>
      <description></description>
    </item>
    <item>
      <title>W.T.Al-Jamal,J. Van den Bossche, A. Yilmazer, Bowen Tian,K Kostarelos. Engineering Acid-Responsive Lipid Envelopes around Adenovirus for Efficient Gene Delivery. Biomaterials. 2011 Apr;32(11):3085-93.</title>
      <link>https://www.starsmydest.org/publications/7/</link>
      <pubDate>Fri, 01 Apr 2011 00:00:00 +0000</pubDate>
      <guid>https://www.starsmydest.org/publications/7/</guid>
      <description></description>
    </item>
    <item>
      <title>Al-Jamal WT, Toma FM, Yilmazer A, Ali-Boucetta H, Nunes A, Herrero MA, Tian Bowen, Eddaoui A, Al-Jamal WT, Bianco A, Prato M, Kostarelos K.”Enhanced cellular internalization and gene silencing with a series of cationic dendron-multiwalled carbon nanotube:siRNA complexes”. FASEB J. 2010 Nov;24(11):4353-65.</title>
      <link>https://www.starsmydest.org/publications/5/</link>
      <pubDate>Mon, 01 Nov 2010 00:00:00 +0000</pubDate>
      <guid>https://www.starsmydest.org/publications/5/</guid>
      <description></description>
    </item>
    <item>
      <title>Van den Bossche, Al-Jamal WT, Tian Bowen,Nunes A, Fabbro C, Bianco A, Prato M, Kostarelos K.”Efficient receptor-independent intracellular translocation of aptamers mediated by conjugation to carbon nanotubes”. Chem Commun (Camb). 2010 Oct;46(39):7379-81.</title>
      <link>https://www.starsmydest.org/publications/6/</link>
      <pubDate>Fri, 01 Oct 2010 00:00:00 +0000</pubDate>
      <guid>https://www.starsmydest.org/publications/6/</guid>
      <description></description>
    </item>
    <item>
      <title>Podesta JE, Al-Jamal KT, Herrero MA,Tian Bowen, Ali-Boucetta H, Hegde V, Bianco A, Prato M, Kostarelos K.”Antitumor activity and prolonged survival by carbon-nanotube-mediated therapeutic siRNA silencing in a human lung xenograft model”. Small. 2009 May;5(10):1175-85.</title>
      <link>https://www.starsmydest.org/publications/3/</link>
      <pubDate>Fri, 01 May 2009 00:00:00 +0000</pubDate>
      <guid>https://www.starsmydest.org/publications/3/</guid>
      <description></description>
    </item>
    <item>
      <title>Al-Jamal WT, Al-Jamal KT, Tian Bowen, Cakebread A,Halket JM, Kostarelos K.”Tumor targeting of functionalized quantum dot-liposome hybrids by intravenous administration”. Mol Pharm. 2009 Mar-Apr;6(2):520-30.</title>
      <link>https://www.starsmydest.org/publications/4/</link>
      <pubDate>Sun, 01 Mar 2009 00:00:00 +0000</pubDate>
      <guid>https://www.starsmydest.org/publications/4/</guid>
      <description></description>
    </item>
    <item>
      <title>Singh R, Tian Bowen, Kostarelos K. “Artificial envelopment of nonenveloped viruses: enhancing adenovirus tumor targeting in vivo”. FASEB J. 2008 Sep;22(9):3389-402. </title>
      <link>https://www.starsmydest.org/publications/2/</link>
      <pubDate>Mon, 01 Sep 2008 00:00:00 +0000</pubDate>
      <guid>https://www.starsmydest.org/publications/2/</guid>
      <description></description>
    </item>
    <item>
      <title>Al-Jamal WT, Al-Jamal KT, Tian Bowen, Lacerda L, Bomans PH, Frederik PM, Kostarelos K.”Lipid-quantum dot bilayer vesicles enhance tumor cell uptake and retention in vitro and in vivo”. ACS Nano. 2008 Mar;2(3):408-18.</title>
      <link>https://www.starsmydest.org/publications/1/</link>
      <pubDate>Sat, 01 Mar 2008 00:00:00 +0000</pubDate>
      <guid>https://www.starsmydest.org/publications/1/</guid>
      <description></description>
    </item>
    <item>
      <title>Added Docker Build Status Badge to shields.io</title>
      <link>https://www.starsmydest.org/projects/contributions/shields-docker/</link>
      <pubDate>Tue, 07 Jan 2020 17:09:26 +0000</pubDate>
      <guid>https://www.starsmydest.org/projects/contributions/shields-docker/</guid>
      <description>&lt;p&gt;Shields.io is a massive library of badges that can be inserted into project README&amp;rsquo;s or websites displaying various statuses (code coverage, health, version, etc).  Support for docker was missing the current build health, and was a pretty trivial addition.&lt;/p&gt;</description>
    </item>
    <item>
      <title>Schema.org Structured Data documentation fixes</title>
      <link>https://www.starsmydest.org/projects/contributions/schema-org/</link>
      <pubDate>Tue, 07 Jan 2020 17:08:21 +0000</pubDate>
      <guid>https://www.starsmydest.org/projects/contributions/schema-org/</guid>
      <description>&lt;p&gt;While adding &lt;em&gt;Structured Data&lt;/em&gt; to a client&amp;rsquo;s website I found some example JSON that was invalid.  Simple contribution to cleanup the user documentation providing syntactically valid JSON documents.&lt;/p&gt;</description>
    </item>
    <item>
      <title>BOSH release for Bamboo &amp; Remote Agents</title>
      <link>https://www.starsmydest.org/projects/creations/bosh-agents/</link>
      <pubDate>Sun, 11 Feb 2018 12:41:05 -0500</pubDate>
      <guid>https://www.starsmydest.org/projects/creations/bosh-agents/</guid>
      <description>&lt;p&gt;BOSH (Bosh Outer SHell) &amp;ldquo;&amp;hellip;&lt;em&gt; is an open source tool for release engineering, deployment, lifecycle management, and monitoring of distributed systems.&lt;/em&gt;&amp;rdquo; And it&amp;rsquo;s amazingly powerful. This examples uses BOSH to provision an Alassian vendor app running on JDK along with the support Postgres database and agents to support it.  The releases manages the health of services and will automatically provision, start/stop processes across the various services.&lt;/p&gt;</description>
    </item>
    <item>
      <title>Atlassian Marketplace Plugins</title>
      <link>https://www.starsmydest.org/projects/creations/marketplace/</link>
      <pubDate>Mon, 01 Jan 0001 00:00:00 +0000</pubDate>
      <guid>https://www.starsmydest.org/projects/creations/marketplace/</guid>
      <description>&lt;p&gt;Multiple plugins used by thousands of teams that provide enhanced functionality of Atlassian’s core products (primarily JIRA and Bamboo) to enrich CI/CD capabilities, DevOps automation, or productivity. Functionality spans user interface, web services and persistence.&lt;/p&gt;</description>
    </item>
    <item>
      <title>Docker image for Bitbucket CI/CD Pipelines  &#34;shipit&#34;</title>
      <link>https://www.starsmydest.org/projects/creations/docker-marketplace/</link>
      <pubDate>Mon, 01 Jan 0001 00:00:00 +0000</pubDate>
      <guid>https://www.starsmydest.org/projects/creations/docker-marketplace/</guid>
      <description>&lt;p&gt;Provides required dependencies and additional utilities to simplify and codify the process of building, testing and delivering Atlassian plugins all the way to the live marketplace.&lt;ul&gt; &lt;li&gt;Executes integration/AUT level tests against all stated compatible versions for the product&lt;/li&gt;&lt;li&gt;Uploads generated artifact to Atlassian marketplace&lt;/li&gt;&lt;li&gt;Provides corresponding metadata indicating version, release notes, and compatibility&lt;/li&gt;&lt;/ul&gt;&lt;/p&gt;</description>
    </item>
    <item>
      <title>Search Results</title>
      <link>https://www.starsmydest.org/search/</link>
      <pubDate>Mon, 01 Jan 0001 00:00:00 +0000</pubDate>
      <guid>https://www.starsmydest.org/search/</guid>
      <description>&lt;p&gt;This file exists solely to respond to /search URL with the related &lt;code&gt;search&lt;/code&gt; layout template.&lt;/p&gt;&#xA;&lt;p&gt;No content shown here is rendered, all content is based in the template layouts/page/search.html&lt;/p&gt;&#xA;&lt;p&gt;Setting a very low sitemap priority will tell search engines this is not important content.&lt;/p&gt;&#xA;&lt;p&gt;This implementation uses Fusejs, jquery and mark.js&lt;/p&gt;&#xA;&lt;h2 id=&#34;initial-setup&#34;&gt;Initial setup&lt;/h2&gt;&#xA;&lt;p&gt;Search  depends on additional output content type of JSON in config.toml&lt;/p&gt;&#xA;&lt;div class=&#34;highlight&#34;&gt;&lt;pre tabindex=&#34;0&#34; style=&#34;color:#f8f8f2;background-color:#272822;-moz-tab-size:4;-o-tab-size:4;tab-size:4;&#34;&gt;&lt;code class=&#34;language-fallback&#34; data-lang=&#34;fallback&#34;&gt;&lt;span style=&#34;display:flex;&#34;&gt;&lt;span&gt;[outputs]&#xA;&lt;/span&gt;&lt;/span&gt;&lt;span style=&#34;display:flex;&#34;&gt;&lt;span&gt;  home = [&amp;#34;HTML&amp;#34;, &amp;#34;JSON&amp;#34;]&#xA;&lt;/span&gt;&lt;/span&gt;&lt;/code&gt;&lt;/pre&gt;&lt;/div&gt;&lt;h2 id=&#34;searching-additional-fileds&#34;&gt;Searching additional fileds&lt;/h2&gt;&#xA;&lt;p&gt;To search additional fields defined in front matter, you must add it in 2 places.&lt;/p&gt;</description>
    </item>
  </channel>
</rss>
