<?xml version="1.0" encoding="utf-8" standalone="yes"?>
<rss version="2.0" xmlns:atom="http://www.w3.org/2005/Atom">
  <channel>
    <title>Tags on T-NANOMED</title>
    <link>https://www.starsmydest.org/tags/</link>
    <description>Recent content in Tags on T-NANOMED</description>
    <generator>Hugo</generator>
    <language>en-us</language>
    <lastBuildDate>Tue, 07 Jan 2020 17:09:26 +0000</lastBuildDate>
    <atom:link href="https://www.starsmydest.org/tags/index.xml" rel="self" type="application/rss+xml" />
    <item>
      <title>Docker</title>
      <link>https://www.starsmydest.org/tags/docker/</link>
      <pubDate>Tue, 07 Jan 2020 17:09:26 +0000</pubDate>
      <guid>https://www.starsmydest.org/tags/docker/</guid>
      <description></description>
    </item>
    <item>
      <title>Javascript</title>
      <link>https://www.starsmydest.org/tags/javascript/</link>
      <pubDate>Tue, 07 Jan 2020 17:09:26 +0000</pubDate>
      <guid>https://www.starsmydest.org/tags/javascript/</guid>
      <description></description>
    </item>
    <item>
      <title>JSON</title>
      <link>https://www.starsmydest.org/tags/json/</link>
      <pubDate>Tue, 07 Jan 2020 17:09:26 +0000</pubDate>
      <guid>https://www.starsmydest.org/tags/json/</guid>
      <description></description>
    </item>
    <item>
      <title>Node.js</title>
      <link>https://www.starsmydest.org/tags/node.js/</link>
      <pubDate>Tue, 07 Jan 2020 17:09:26 +0000</pubDate>
      <guid>https://www.starsmydest.org/tags/node.js/</guid>
      <description></description>
    </item>
    <item>
      <title>REST APIs</title>
      <link>https://www.starsmydest.org/tags/rest-apis/</link>
      <pubDate>Tue, 07 Jan 2020 17:09:26 +0000</pubDate>
      <guid>https://www.starsmydest.org/tags/rest-apis/</guid>
      <description></description>
    </item>
    <item>
      <title>Atlassian Ecosystem</title>
      <link>https://www.starsmydest.org/tags/atlassian-ecosystem/</link>
      <pubDate>Sun, 11 Feb 2018 12:41:05 -0500</pubDate>
      <guid>https://www.starsmydest.org/tags/atlassian-ecosystem/</guid>
      <description></description>
    </item>
    <item>
      <title>Bash/Shell</title>
      <link>https://www.starsmydest.org/tags/bash/shell/</link>
      <pubDate>Sun, 11 Feb 2018 12:41:05 -0500</pubDate>
      <guid>https://www.starsmydest.org/tags/bash/shell/</guid>
      <description></description>
    </item>
    <item>
      <title>BOSH</title>
      <link>https://www.starsmydest.org/tags/bosh/</link>
      <pubDate>Sun, 11 Feb 2018 12:41:05 -0500</pubDate>
      <guid>https://www.starsmydest.org/tags/bosh/</guid>
      <description></description>
    </item>
    <item>
      <title>DevOps</title>
      <link>https://www.starsmydest.org/tags/devops/</link>
      <pubDate>Sun, 11 Feb 2018 12:41:05 -0500</pubDate>
      <guid>https://www.starsmydest.org/tags/devops/</guid>
      <description></description>
    </item>
    <item>
      <title>Java</title>
      <link>https://www.starsmydest.org/tags/java/</link>
      <pubDate>Sun, 11 Feb 2018 12:41:05 -0500</pubDate>
      <guid>https://www.starsmydest.org/tags/java/</guid>
      <description></description>
    </item>
    <item>
      <title>Monit</title>
      <link>https://www.starsmydest.org/tags/monit/</link>
      <pubDate>Sun, 11 Feb 2018 12:41:05 -0500</pubDate>
      <guid>https://www.starsmydest.org/tags/monit/</guid>
      <description></description>
    </item>
    <item>
      <title>Python</title>
      <link>https://www.starsmydest.org/tags/python/</link>
      <pubDate>Sun, 11 Feb 2018 12:41:05 -0500</pubDate>
      <guid>https://www.starsmydest.org/tags/python/</guid>
      <description></description>
    </item>
    <item>
      <title>Xml/Xslt</title>
      <link>https://www.starsmydest.org/tags/xml/xslt/</link>
      <pubDate>Sun, 11 Feb 2018 12:41:05 -0500</pubDate>
      <guid>https://www.starsmydest.org/tags/xml/xslt/</guid>
      <description></description>
    </item>
    <item>
      <title>Atlassian Developer Ecosystem</title>
      <link>https://www.starsmydest.org/tags/atlassian-developer-ecosystem/</link>
      <pubDate>Mon, 01 Jan 0001 00:00:00 +0000</pubDate>
      <guid>https://www.starsmydest.org/tags/atlassian-developer-ecosystem/</guid>
      <description></description>
    </item>
    <item>
      <title>Bamboo</title>
      <link>https://www.starsmydest.org/tags/bamboo/</link>
      <pubDate>Mon, 01 Jan 0001 00:00:00 +0000</pubDate>
      <guid>https://www.starsmydest.org/tags/bamboo/</guid>
      <description></description>
    </item>
    <item>
      <title>Bitbucket</title>
      <link>https://www.starsmydest.org/tags/bitbucket/</link>
      <pubDate>Mon, 01 Jan 0001 00:00:00 +0000</pubDate>
      <guid>https://www.starsmydest.org/tags/bitbucket/</guid>
      <description></description>
    </item>
    <item>
      <title>Confluence</title>
      <link>https://www.starsmydest.org/tags/confluence/</link>
      <pubDate>Mon, 01 Jan 0001 00:00:00 +0000</pubDate>
      <guid>https://www.starsmydest.org/tags/confluence/</guid>
      <description></description>
    </item>
    <item>
      <title>JIRA</title>
      <link>https://www.starsmydest.org/tags/jira/</link>
      <pubDate>Mon, 01 Jan 0001 00:00:00 +0000</pubDate>
      <guid>https://www.starsmydest.org/tags/jira/</guid>
      <description></description>
    </item>
    <item>
      <title>JQuery</title>
      <link>https://www.starsmydest.org/tags/jquery/</link>
      <pubDate>Mon, 01 Jan 0001 00:00:00 +0000</pubDate>
      <guid>https://www.starsmydest.org/tags/jquery/</guid>
      <description></description>
    </item>
    <item>
      <title>Maven</title>
      <link>https://www.starsmydest.org/tags/maven/</link>
      <pubDate>Mon, 01 Jan 0001 00:00:00 +0000</pubDate>
      <guid>https://www.starsmydest.org/tags/maven/</guid>
      <description></description>
    </item>
    <item>
      <title>Spring</title>
      <link>https://www.starsmydest.org/tags/spring/</link>
      <pubDate>Mon, 01 Jan 0001 00:00:00 +0000</pubDate>
      <guid>https://www.starsmydest.org/tags/spring/</guid>
      <description></description>
    </item>
  </channel>
</rss>
