<?xml version="1.0" encoding="utf-8" standalone="yes"?>
<rss version="2.0" xmlns:atom="http://www.w3.org/2005/Atom">
  <channel>
    <title>Javascript on T-NANOMED</title>
    <link>https://www.starsmydest.org/tags/javascript/</link>
    <description>Recent content in Javascript on T-NANOMED</description>
    <generator>Hugo</generator>
    <language>en-us</language>
    <lastBuildDate>Tue, 07 Jan 2020 17:09:26 +0000</lastBuildDate>
    <atom:link href="https://www.starsmydest.org/tags/javascript/index.xml" rel="self" type="application/rss+xml" />
    <item>
      <title>Added Docker Build Status Badge to shields.io</title>
      <link>https://www.starsmydest.org/projects/contributions/shields-docker/</link>
      <pubDate>Tue, 07 Jan 2020 17:09:26 +0000</pubDate>
      <guid>https://www.starsmydest.org/projects/contributions/shields-docker/</guid>
      <description>&lt;p&gt;Shields.io is a massive library of badges that can be inserted into project README&amp;rsquo;s or websites displaying various statuses (code coverage, health, version, etc).  Support for docker was missing the current build health, and was a pretty trivial addition.&lt;/p&gt;</description>
    </item>
    <item>
      <title>Atlassian Marketplace Plugins</title>
      <link>https://www.starsmydest.org/projects/creations/marketplace/</link>
      <pubDate>Mon, 01 Jan 0001 00:00:00 +0000</pubDate>
      <guid>https://www.starsmydest.org/projects/creations/marketplace/</guid>
      <description>&lt;p&gt;Multiple plugins used by thousands of teams that provide enhanced functionality of Atlassian’s core products (primarily JIRA and Bamboo) to enrich CI/CD capabilities, DevOps automation, or productivity. Functionality spans user interface, web services and persistence.&lt;/p&gt;</description>
    </item>
  </channel>
</rss>
