<?xml version="1.0" encoding="utf-8" standalone="yes"?>
<rss version="2.0" xmlns:atom="http://www.w3.org/2005/Atom">
  <channel>
    <title>Java on T-NANOMED</title>
    <link>https://www.starsmydest.org/tags/java/</link>
    <description>Recent content in Java on T-NANOMED</description>
    <generator>Hugo</generator>
    <language>en-us</language>
    <lastBuildDate>Sun, 11 Feb 2018 12:41:05 -0500</lastBuildDate>
    <atom:link href="https://www.starsmydest.org/tags/java/index.xml" rel="self" type="application/rss+xml" />
    <item>
      <title>Atlassian Deployment Triggers</title>
      <link>https://www.starsmydest.org/projects/contributions/deploy-triggers/</link>
      <pubDate>Mon, 01 Jan 0001 00:00:00 +0000</pubDate>
      <guid>https://www.starsmydest.org/projects/contributions/deploy-triggers/</guid>
      <description>&lt;p&gt;Addressed pretty significant page load performance issue founde in larger deployments. Eliminates uses of intensive backend query, replacing it with an asynchronous API call against a lucene index. This change reduces page load from from 2+ minutes to nearly instant, with an incredibly responsive UI.&lt;/p&gt;</description>
    </item>
    <item>
      <title>BOSH release for Bamboo &amp; Remote Agents</title>
      <link>https://www.starsmydest.org/projects/creations/bosh-agents/</link>
      <pubDate>Sun, 11 Feb 2018 12:41:05 -0500</pubDate>
      <guid>https://www.starsmydest.org/projects/creations/bosh-agents/</guid>
      <description>&lt;p&gt;BOSH (Bosh Outer SHell) &amp;ldquo;&amp;hellip;&lt;em&gt; is an open source tool for release engineering, deployment, lifecycle management, and monitoring of distributed systems.&lt;/em&gt;&amp;rdquo; And it&amp;rsquo;s amazingly powerful. This examples uses BOSH to provision an Alassian vendor app running on JDK along with the support Postgres database and agents to support it.  The releases manages the health of services and will automatically provision, start/stop processes across the various services.&lt;/p&gt;</description>
    </item>
    <item>
      <title>Atlassian Marketplace Plugins</title>
      <link>https://www.starsmydest.org/projects/creations/marketplace/</link>
      <pubDate>Mon, 01 Jan 0001 00:00:00 +0000</pubDate>
      <guid>https://www.starsmydest.org/projects/creations/marketplace/</guid>
      <description>&lt;p&gt;Multiple plugins used by thousands of teams that provide enhanced functionality of Atlassian’s core products (primarily JIRA and Bamboo) to enrich CI/CD capabilities, DevOps automation, or productivity. Functionality spans user interface, web services and persistence.&lt;/p&gt;</description>
    </item>
    <item>
      <title>Docker image for Bitbucket CI/CD Pipelines  &#34;shipit&#34;</title>
      <link>https://www.starsmydest.org/projects/creations/docker-marketplace/</link>
      <pubDate>Mon, 01 Jan 0001 00:00:00 +0000</pubDate>
      <guid>https://www.starsmydest.org/projects/creations/docker-marketplace/</guid>
      <description>&lt;p&gt;Provides required dependencies and additional utilities to simplify and codify the process of building, testing and delivering Atlassian plugins all the way to the live marketplace.&lt;ul&gt; &lt;li&gt;Executes integration/AUT level tests against all stated compatible versions for the product&lt;/li&gt;&lt;li&gt;Uploads generated artifact to Atlassian marketplace&lt;/li&gt;&lt;li&gt;Provides corresponding metadata indicating version, release notes, and compatibility&lt;/li&gt;&lt;/ul&gt;&lt;/p&gt;</description>
    </item>
  </channel>
</rss>
