<?xml version="1.0" encoding="utf-8" standalone="yes"?>
<rss version="2.0" xmlns:atom="http://www.w3.org/2005/Atom">
  <channel>
    <title>JSON on T-NANOMED</title>
    <link>https://www.starsmydest.org/tags/json/</link>
    <description>Recent content in JSON on T-NANOMED</description>
    <generator>Hugo</generator>
    <language>en-us</language>
    <lastBuildDate>Tue, 07 Jan 2020 17:09:26 +0000</lastBuildDate>
    <atom:link href="https://www.starsmydest.org/tags/json/index.xml" rel="self" type="application/rss+xml" />
    <item>
      <title>Atlassian Deployment Triggers</title>
      <link>https://www.starsmydest.org/projects/contributions/deploy-triggers/</link>
      <pubDate>Mon, 01 Jan 0001 00:00:00 +0000</pubDate>
      <guid>https://www.starsmydest.org/projects/contributions/deploy-triggers/</guid>
      <description>&lt;p&gt;Addressed pretty significant page load performance issue founde in larger deployments. Eliminates uses of intensive backend query, replacing it with an asynchronous API call against a lucene index. This change reduces page load from from 2+ minutes to nearly instant, with an incredibly responsive UI.&lt;/p&gt;</description>
    </item>
    <item>
      <title>Added Docker Build Status Badge to shields.io</title>
      <link>https://www.starsmydest.org/projects/contributions/shields-docker/</link>
      <pubDate>Tue, 07 Jan 2020 17:09:26 +0000</pubDate>
      <guid>https://www.starsmydest.org/projects/contributions/shields-docker/</guid>
      <description>&lt;p&gt;Shields.io is a massive library of badges that can be inserted into project README&amp;rsquo;s or websites displaying various statuses (code coverage, health, version, etc).  Support for docker was missing the current build health, and was a pretty trivial addition.&lt;/p&gt;</description>
    </item>
    <item>
      <title>Schema.org Structured Data documentation fixes</title>
      <link>https://www.starsmydest.org/projects/contributions/schema-org/</link>
      <pubDate>Tue, 07 Jan 2020 17:08:21 +0000</pubDate>
      <guid>https://www.starsmydest.org/projects/contributions/schema-org/</guid>
      <description>&lt;p&gt;While adding &lt;em&gt;Structured Data&lt;/em&gt; to a client&amp;rsquo;s website I found some example JSON that was invalid.  Simple contribution to cleanup the user documentation providing syntactically valid JSON documents.&lt;/p&gt;</description>
    </item>
  </channel>
</rss>
