<?xml version="1.0" encoding="utf-8" standalone="yes"?>
<rss version="2.0" xmlns:atom="http://www.w3.org/2005/Atom">
  <channel>
    <title>JQuery on T-NANOMED</title>
    <link>https://www.starsmydest.org/tags/jquery/</link>
    <description>Recent content in JQuery on T-NANOMED</description>
    <generator>Hugo</generator>
    <language>en-us</language>
    <atom:link href="https://www.starsmydest.org/tags/jquery/index.xml" rel="self" type="application/rss+xml" />
    <item>
      <title>Atlassian Deployment Triggers</title>
      <link>https://www.starsmydest.org/projects/contributions/deploy-triggers/</link>
      <pubDate>Mon, 01 Jan 0001 00:00:00 +0000</pubDate>
      <guid>https://www.starsmydest.org/projects/contributions/deploy-triggers/</guid>
      <description>&lt;p&gt;Addressed pretty significant page load performance issue founde in larger deployments. Eliminates uses of intensive backend query, replacing it with an asynchronous API call against a lucene index. This change reduces page load from from 2+ minutes to nearly instant, with an incredibly responsive UI.&lt;/p&gt;</description>
    </item>
  </channel>
</rss>
