<?xml version="1.0" encoding="utf-8" standalone="yes"?>
<rss version="2.0" xmlns:atom="http://www.w3.org/2005/Atom">
  <channel>
    <title>Bitbucket on T-NANOMED</title>
    <link>https://www.starsmydest.org/tags/bitbucket/</link>
    <description>Recent content in Bitbucket on T-NANOMED</description>
    <generator>Hugo</generator>
    <language>en-us</language>
    <atom:link href="https://www.starsmydest.org/tags/bitbucket/index.xml" rel="self" type="application/rss+xml" />
    <item>
      <title>Atlassian Marketplace Plugins</title>
      <link>https://www.starsmydest.org/projects/creations/marketplace/</link>
      <pubDate>Mon, 01 Jan 0001 00:00:00 +0000</pubDate>
      <guid>https://www.starsmydest.org/projects/creations/marketplace/</guid>
      <description>&lt;p&gt;Multiple plugins used by thousands of teams that provide enhanced functionality of Atlassian’s core products (primarily JIRA and Bamboo) to enrich CI/CD capabilities, DevOps automation, or productivity. Functionality spans user interface, web services and persistence.&lt;/p&gt;</description>
    </item>
  </channel>
</rss>
